YLGSRK,0.0,0.0
AWKK,0.5,0.0
LSLDDD,1.0,1.0
DVLDD,1.0,0.8999999761581421
EVEAEE,0.5,1.0
IISGKK,0.0,0.20000000298023224
EVEEVE,1.0,1.0
AVVVEE,1.0,1.0
VAEVAE,1.0,1.0
VSVMDD,1.0,1.0
WVKAK,0.5,0.0
HIVRR,0.5,0.30000001192092896
VILLRK,1.0,0.800000011920929
EVAAVE,1.0,1.0
VVVVEE,1.0,1.0
LLSD,0.5,0.5
QLLSD,1.0,0.6000000238418579
VYILSD,0.0,0.30000001192092896
MLSD,0.0,0.30000001192092896
