YLGSRK,0.0,0.0
AWKK,0.0,0.0
LSLDDD,1.0,1.0
DVLDD,1.0,0.6000000238418579
EVEAEE,0.5,0.30000001192092896
IISGKK,0.5,1.0
EVEEVE,0.5,0.30000001192092896
AVVVEE,1.0,1.0
VAEVAE,1.0,1.0
VSVMDD,1.0,1.0
WVKAK,0.5,0.0
HIVRR,0.0,0.0
VILLRK,1.0,1.0
EVAAVE,1.0,1.0
VVVVEE,1.0,1.0
LLSD,0.5,1.0
QLLSD,0.5,0.8999999761581421
VYILSD,0.5,0.4000000059604645
MLSD,0.5,0.5
