YLGSRK,0.0,1.0
AWKK,1.0,0.8999999761581421
LSLDDD,0.0,0.10000000149011612
DVLDD,0.0,0.4000000059604645
EVEAEE,0.5,0.5
IISGKK,1.0,1.0
EVEEVE,0.0,0.5
AVVVEE,1.0,0.20000000298023224
VAEVAE,1.0,0.30000001192092896
VSVMDD,0.0,0.10000000149011612
WVKAK,0.5,1.0
HIVRR,0.0,1.0
VILLRK,0.0,1.0
EVAAVE,1.0,0.20000000298023224
VVVVEE,0.0,0.5
LLSD,1.0,0.8999999761581421
QLLSD,1.0,0.5
VYILSD,0.0,0.6000000238418579
MLSD,1.0,0.8999999761581421
